jason,jasonchochihin@gmail.com,+60129380269
jasper,jasper083@gmail.com,;60162158800
jean,jean@gmail.com,+60129380269
kiryu,kiryu@gmail.com,08020322981
nameless,nameless@gmail.com,0809325172
nakamura,nakamura@gmail.com,08142356789
nishikata,nishikata@eggnet.ac.jp,+0123456789
jin hao,jinhao@gmail.com,+6014567892
sato,sato@gmail.com,+080962234567
nonaka,nonaka@gmail.com,+0812345678910
